MarketAssets,Window,Hidden,LR,Activation,Val_RMSE
FIAT,12,4,0.001,tanh,0.25724029541015625
EQUITY,12,16,0.01,relu,0.3269437253475189
GOLD,12,16,0.001,relu,0.26074182987213135
ENERGY,12,4,0.001,linear,0.2545461058616638
FIAT+EQUITY,12,4,0.001,tanh,0.2579094171524048
FIAT+GOLD,12,4,0.001,relu,0.24985060095787048
FIAT+EQUITY+GOLD+ENERGY,12,16,0.001,relu,0.2595820426940918
