MarketAssets,Window,Hidden,LR,Activation,Val_RMSE
FIAT,12,8,0.001,tanh,0.25933510065078735
EQUITY,12,16,0.001,linear,0.2738090753555298
GOLD,12,8,0.001,relu,0.2727627456188202
ENERGY,12,4,0.01,linear,0.28439828753471375
FIAT+EQUITY,12,8,0.01,relu,0.2692570388317108
FIAT+GOLD,12,16,0.001,linear,0.2620714604854584
FIAT+EQUITY+GOLD+ENERGY,12,4,0.001,tanh,0.2680453956127167
