{"train/loss": 2.3891, "train/grad_norm": 2.980196952819824, "train/learning_rate": 1.4000000000000001e-05, "train/epoch": 3.0, "train/global_step": 141, "_timestamp": 1712001209.775237, "_runtime": 217.71056509017944, "_step": 15, "train_runtime": 184.1634, "train_samples_per_second": 6.109, "train_steps_per_second": 0.766, "total_flos": 8.7188645908224e+16, "train_loss": 2.572932982275672, "eval/loss": 2.3646738529205322, "eval/accuracy": 0.7306666666666667, "eval/runtime": 19.2811, "eval/samples_per_second": 19.449, "eval/steps_per_second": 2.438, "_wandb": {"runtime": 523}}