{"timestamp": "2025-11-11T22:05:15.120387+00:00", "preset": "Manual", "macro_inputs": "{\"baseline\": {\"cpi_yoy\": 0.6859929784824415, \"gdp_real\": 0.6859929784824415, \"y10y_2y_spread\": 1.3749970559205527, \"unemp\": 6.11062093844339, \"mri\": -0.8730321055127269}, \"counterfactual\": {\"cpi_yoy\": 0.6859929784824415, \"gdp_real\": 0.6859929784824415, \"y10y_2y_spread\": 1.3749970559205527, \"unemp\": 6.11062093844339, \"mri\": -0.8730321055127269}}", "new_weights": "{\"Mkt_RF\": 0.317760947491018, \"SMB\": 0.2047791436645228, \"HML\": 0.24658973566757275, \"UMD\": 0.23087017317688655}", "turnover": 5.551115123125783e-17, "cost": 4.4408920985006264e-20, "delta_sharpe": -6.345776865065761e-18, "delta_vol": 7.850462293418876e-17, "delta_weights": "{\"Mkt_RF\": 0.0, \"SMB\": 0.0, \"HML\": 5.551115123125783e-17, \"UMD\": 5.551115123125783e-17}"}