{"timestamp": "2025-12-08T22:23:27.023777+00:00", "preset": "Curve Steepener", "macro_inputs": "{\"baseline\": {\"cpi_yoy\": 0.6859929784824415, \"gdp_real\": 0.6859929784824415, \"y10y_2y_spread\": 1.3749970559205527, \"unemp\": 6.11062093844339, \"mri\": -0.8730321055127269}, \"counterfactual\": {\"cpi_yoy\": -1.3140070215175585, \"gdp_real\": 0.6859929784824415, \"y10y_2y_spread\": 2.174997055920553, \"unemp\": 4.81062093844339, \"mri\": -0.533032105512727}}", "new_weights": "{\"Mkt_RF\": 0.3035879798603996, \"SMB\": 0.2114101819244792, \"HML\": 0.2545503826002817, \"UMD\": 0.23045145561483946}", "turnover": 0.0030203964917402126, "cost": 2.4163171933921704e-06, "delta_sharpe": 5.56615170476249e-05, "delta_vol": 0.003639466089625945, "delta_weights": "{\"Mkt_RF\": 0.0003075834046047943, \"SMB\": -0.0030203964917402126, \"HML\": 0.001773919104196553, \"UMD\": 0.0009388939829388654}"}