{"timestamp": "2025-12-08T22:23:30.804715+00:00", "preset": "Curve Steepener", "macro_inputs": "{\"baseline\": {\"cpi_yoy\": 0.6859929784824415, \"gdp_real\": 0.6859929784824415, \"y10y_2y_spread\": 1.3749970559205527, \"unemp\": 6.11062093844339, \"mri\": -0.8730321055127269}, \"counterfactual\": {\"cpi_yoy\": -1.3140070215175585, \"gdp_real\": 0.6859929784824415, \"y10y_2y_spread\": 2.174997055920553, \"unemp\": 6.51062093844339, \"mri\": -0.873032105512727}}", "new_weights": "{\"Mkt_RF\": 0.29299763706055365, \"SMB\": 0.21563656405936743, \"HML\": 0.2696348890694832, \"UMD\": 0.2217309098105958}", "turnover": 0.01806441121654602, "cost": 1.4451528973236816e-05, "delta_sharpe": -0.0006551535867599208, "delta_vol": 0.021259119455746923, "delta_weights": "{\"Mkt_RF\": -0.010282759395241148, \"SMB\": 0.0012059856431480276, \"HML\": 0.01685842557339806, \"UMD\": -0.0077816518213048025}"}