{"timestamp": "2025-12-08T22:23:20.210246+00:00", "preset": "Curve Steepener", "macro_inputs": "{\"baseline\": {\"cpi_yoy\": 0.6859929784824415, \"gdp_real\": 0.6859929784824415, \"y10y_2y_spread\": 1.3749970559205527, \"unemp\": 6.11062093844339, \"mri\": -0.8730321055127269}, \"counterfactual\": {\"cpi_yoy\": -0.21400702151755857, \"gdp_real\": 0.6859929784824415, \"y10y_2y_spread\": 2.174997055920553, \"unemp\": 5.61062093844339, \"mri\": -0.583032105512727}}", "new_weights": "{\"Mkt_RF\": 0.3019847338926202, \"SMB\": 0.21205000352837983, \"HML\": 0.2568339889603177, \"UMD\": 0.2291312736186823}", "turnover": 0.004057525464232534, "cost": 3.246020371386027e-06, "delta_sharpe": -5.194703449358171e-05, "delta_vol": 0.004894361216353419, "delta_weights": "{\"Mkt_RF\": -0.0012956625631745933, \"SMB\": -0.002380574887839576, \"HML\": 0.004057525464232603, \"UMD\": -0.000381288013218295}"}