{"timestamp": "2025-12-08T22:22:45.668658+00:00", "preset": "Growth Scare", "macro_inputs": "{\"baseline\": {\"cpi_yoy\": 0.6859929784824415, \"gdp_real\": 0.6859929784824415, \"y10y_2y_spread\": 1.3749970559205527, \"unemp\": 6.11062093844339, \"mri\": -0.8730321055127269}, \"counterfactual\": {\"cpi_yoy\": 0.18599297848244145, \"gdp_real\": 0.6859929784824415, \"y10y_2y_spread\": 1.0749970559205526, \"unemp\": 7.11062093844339, \"mri\": -1.228032105512727}}", "new_weights": "{\"Mkt_RF\": 0.29788985397365925, \"SMB\": 0.21801801637167492, \"HML\": 0.2593581918124506, \"UMD\": 0.22473393784221526}", "turnover": 0.010169166271820948, "cost": 8.13533301745676e-06, "delta_sharpe": -0.00037916445482805123, "delta_vol": 0.010396251838511077, "delta_weights": "{\"Mkt_RF\": -0.005390542482135552, \"SMB\": 0.003587437955455519, \"HML\": 0.006581728316365498, \"UMD\": -0.004778623789685327}"}