{"timestamp": "2025-12-08T22:26:21.739299+00:00", "preset": "Inflation Shock", "macro_inputs": "{\"baseline\": {\"cpi_yoy\": 0.6859929784824415, \"gdp_real\": 0.6859929784824415, \"y10y_2y_spread\": 1.3749970559205527, \"unemp\": 6.11062093844339, \"mri\": -0.8730321055127269}, \"counterfactual\": {\"cpi_yoy\": 1.6859929784824415, \"gdp_real\": 0.6859929784824415, \"y10y_2y_spread\": 1.5749970559205526, \"unemp\": 5.61062093844339, \"mri\": -0.603032105512727}}", "new_weights": "{\"Mkt_RF\": 0.30880844081247655, \"SMB\": 0.21137116299457748, \"HML\": 0.2455539058418568, \"UMD\": 0.23426649035108912}", "turnover": 0.010281973075870268, "cost": 8.225578460696215e-06, "delta_sharpe": 0.0003813494204947263, "delta_vol": 0.010709083736127901, "delta_weights": "{\"Mkt_RF\": 0.005528044356681749, \"SMB\": -0.0030594154216419256, \"HML\": -0.007222557654228329, \"UMD\": 0.004753928719188533}"}