{"timestamp": "2025-12-08T22:22:51.120820+00:00", "preset": "Curve Steepener", "macro_inputs": "{\"baseline\": {\"cpi_yoy\": 0.6859929784824415, \"gdp_real\": 0.6859929784824415, \"y10y_2y_spread\": 1.3749970559205527, \"unemp\": 6.11062093844339, \"mri\": -0.8730321055127269}, \"counterfactual\": {\"cpi_yoy\": 0.6859929784824415, \"gdp_real\": 0.6859929784824415, \"y10y_2y_spread\": 2.174997055920553, \"unemp\": 5.61062093844339, \"mri\": -0.49303210551272697}}", "new_weights": "{\"Mkt_RF\": 0.30487870985311305, \"SMB\": 0.21089507884563952, \"HML\": 0.25271191284599176, \"UMD\": 0.2315142984552556}", "turnover": 0.003600050220673251, "cost": 2.8800401765386007e-06, "delta_sharpe": 0.0001422942532203824, "delta_vol": 0.004366403557393706, "delta_weights": "{\"Mkt_RF\": 0.0015983133973182517, \"SMB\": -0.0035354995705798864, \"HML\": -6.455065009336458e-05, \"UMD\": 0.0020017368233549993}"}