{"timestamp": "2025-12-08T22:23:08.277709+00:00", "preset": "Curve Steepener", "macro_inputs": "{\"baseline\": {\"cpi_yoy\": 0.6859929784824415, \"gdp_real\": 0.6859929784824415, \"y10y_2y_spread\": 1.3749970559205527, \"unemp\": 6.11062093844339, \"mri\": -0.8730321055127269}, \"counterfactual\": {\"cpi_yoy\": -0.41400702151755864, \"gdp_real\": 0.6859929784824415, \"y10y_2y_spread\": 2.174997055920553, \"unemp\": 5.61062093844339, \"mri\": -0.603032105512727}}", "new_weights": "{\"Mkt_RF\": 0.3013469828166834, \"SMB\": 0.2123045165129722, \"HML\": 0.2577423788408463, \"UMD\": 0.22860612182949813}", "turnover": 0.004965915344761124, "cost": 3.972732275808899e-06, "delta_sharpe": -9.47523624997629e-05, "delta_vol": 0.005808629428966434, "delta_weights": "{\"Mkt_RF\": -0.0019334136391114254, \"SMB\": -0.0021260619032472117, \"HML\": 0.0049659153447611515, \"UMD\": -0.0009064398024024589}"}