{"timestamp": "2025-12-08T22:23:38.392379+00:00", "preset": "Curve Steepener", "macro_inputs": "{\"baseline\": {\"cpi_yoy\": 0.6859929784824415, \"gdp_real\": 0.6859929784824415, \"y10y_2y_spread\": 1.3749970559205527, \"unemp\": 6.11062093844339, \"mri\": -0.8730321055127269}, \"counterfactual\": {\"cpi_yoy\": -1.3140070215175585, \"gdp_real\": 0.6859929784824415, \"y10y_2y_spread\": 2.2249970559205527, \"unemp\": 8.11062093844339, \"mri\": -1.175532105512727}}", "new_weights": "{\"Mkt_RF\": 0.28390135254429283, \"SMB\": 0.2191160016608789, \"HML\": 0.2827063529019291, \"UMD\": 0.21427629289289923}", "turnover": 0.034615312650503396, "cost": 2.7692250120402717e-05, "delta_sharpe": -0.0012638676150825312, "delta_vol": 0.03905691614603792, "delta_weights": "{\"Mkt_RF\": -0.01937904391150197, \"SMB\": 0.004685423244659509, \"HML\": 0.029929889405843957, \"UMD\": -0.015236268739001357}"}