{"timestamp": "2025-12-08T22:26:09.709951+00:00", "preset": "Curve Steepener", "macro_inputs": "{\"baseline\": {\"cpi_yoy\": 0.6859929784824415, \"gdp_real\": 0.6859929784824415, \"y10y_2y_spread\": 1.3749970559205527, \"unemp\": 6.11062093844339, \"mri\": -0.8730321055127269}, \"counterfactual\": {\"cpi_yoy\": -1.3140070215175585, \"gdp_real\": 0.6859929784824415, \"y10y_2y_spread\": 2.3749970559205527, \"unemp\": 8.11062093844339, \"mri\": -1.1230321055127268}}", "new_weights": "{\"Mkt_RF\": 0.28383280423420565, \"SMB\": 0.21871452802864544, \"HML\": 0.2831313544118186, \"UMD\": 0.2143213133253303}", "turnover": 0.034638840528159465, "cost": 2.7711072422527573e-05, "delta_sharpe": -0.0012632863032575688, "delta_vol": 0.03935421826331927, "delta_weights": "{\"Mkt_RF\": -0.01944759222158915, \"SMB\": 0.004283949612426036, \"HML\": 0.030354890915733457, \"UMD\": -0.015191248306570287}"}