{"timestamp": "2025-12-08T22:23:41.653030+00:00", "preset": "Curve Steepener", "macro_inputs": "{\"baseline\": {\"cpi_yoy\": 0.6859929784824415, \"gdp_real\": 0.6859929784824415, \"y10y_2y_spread\": 1.3749970559205527, \"unemp\": 6.11062093844339, \"mri\": -0.8730321055127269}, \"counterfactual\": {\"cpi_yoy\": -1.3140070215175585, \"gdp_real\": 0.6859929784824415, \"y10y_2y_spread\": 1.2749970559205526, \"unemp\": 8.11062093844339, \"mri\": -1.5080321055127268}}", "new_weights": "{\"Mkt_RF\": 0.2877088079176719, \"SMB\": 0.22118763617244602, \"HML\": 0.27454173763609424, \"UMD\": 0.21656181827378784}", "turnover": 0.028522331896235695, "cost": 2.2817865516988556e-05, "delta_sharpe": -0.0010517113054691058, "delta_vol": 0.030489032635343385, "delta_weights": "{\"Mkt_RF\": -0.015571588538122905, \"SMB\": 0.00675705775622662, \"HML\": 0.021765274140009117, \"UMD\": -0.012950743358112748}"}