{"timestamp": "2025-12-08T22:23:34.665175+00:00", "preset": "Curve Steepener", "macro_inputs": "{\"baseline\": {\"cpi_yoy\": 0.6859929784824415, \"gdp_real\": 0.6859929784824415, \"y10y_2y_spread\": 1.3749970559205527, \"unemp\": 6.11062093844339, \"mri\": -0.8730321055127269}, \"counterfactual\": {\"cpi_yoy\": -1.3140070215175585, \"gdp_real\": 0.6859929784824415, \"y10y_2y_spread\": 2.174997055920553, \"unemp\": 8.11062093844339, \"mri\": -1.1930321055127269}}", "new_weights": "{\"Mkt_RF\": 0.28395460313492316, \"SMB\": 0.21924544790296013, \"HML\": 0.282515463979142, \"UMD\": 0.21428448498297473}", "turnover": 0.03455386996979756, "cost": 2.7643095975838052e-05, "delta_sharpe": -0.0012621145907677996, "delta_vol": 0.03889693720348959, "delta_weights": "{\"Mkt_RF\": -0.019325793320871643, \"SMB\": 0.0048148694867407305, \"HML\": 0.029739000483056888, \"UMD\": -0.015228076648925865}"}