{"timestamp": "2025-12-08T22:26:13.560433+00:00", "preset": "Manual", "macro_inputs": "{\"baseline\": {\"cpi_yoy\": 0.6859929784824415, \"gdp_real\": 0.6859929784824415, \"y10y_2y_spread\": 1.3749970559205527, \"unemp\": 6.11062093844339, \"mri\": -0.8730321055127269}, \"counterfactual\": {\"cpi_yoy\": 0.6859929784824415, \"gdp_real\": 0.6859929784824415, \"y10y_2y_spread\": 1.3749970559205527, \"unemp\": 6.11062093844339, \"mri\": -0.8730321055127269}}", "new_weights": "{\"Mkt_RF\": 0.30328039645579485, \"SMB\": 0.21443057841621943, \"HML\": 0.2527764634960851, \"UMD\": 0.2295125616319006}", "turnover": 4.163336342344337e-17, "cost": 3.33066907387547e-20, "delta_sharpe": -8.701406155885626e-18, "delta_vol": 6.206335383118183e-17, "delta_weights": "{\"Mkt_RF\": 5.551115123125783e-17, \"SMB\": 2.7755575615628914e-17, \"HML\": 0.0, \"UMD\": 0.0}"}