{"timestamp": "2025-12-08T22:23:23.947982+00:00", "preset": "Curve Steepener", "macro_inputs": "{\"baseline\": {\"cpi_yoy\": 0.6859929784824415, \"gdp_real\": 0.6859929784824415, \"y10y_2y_spread\": 1.3749970559205527, \"unemp\": 6.11062093844339, \"mri\": -0.8730321055127269}, \"counterfactual\": {\"cpi_yoy\": -1.3140070215175585, \"gdp_real\": 0.6859929784824415, \"y10y_2y_spread\": 2.174997055920553, \"unemp\": 5.61062093844339, \"mri\": -0.6930321055127271}}", "new_weights": "{\"Mkt_RF\": 0.2985060099768161, \"SMB\": 0.21343828876973922, \"HML\": 0.2617889592010617, \"UMD\": 0.2262667420523831}", "turnover": 0.00901249570497649, "cost": 7.209996563981192e-06, "delta_sharpe": -0.00028543612432418926, "delta_vol": 0.0107489454630753, "delta_weights": "{\"Mkt_RF\": -0.004774386478978709, \"SMB\": -0.0009922896464801823, \"HML\": 0.009012495704976586, \"UMD\": -0.0032458195795175004}"}