{"timestamp": "2025-12-08T22:23:49.522776+00:00", "preset": "Curve Steepener", "macro_inputs": "{\"baseline\": {\"cpi_yoy\": 0.6859929784824415, \"gdp_real\": 0.6859929784824415, \"y10y_2y_spread\": 1.3749970559205527, \"unemp\": 6.11062093844339, \"mri\": -0.8730321055127269}, \"counterfactual\": {\"cpi_yoy\": -1.3140070215175585, \"gdp_real\": 0.6859929784824415, \"y10y_2y_spread\": 2.0749970559205524, \"unemp\": 8.11062093844339, \"mri\": -1.228032105512727}}", "new_weights": "{\"Mkt_RF\": 0.28410784962572, \"SMB\": 0.21949767682852375, \"HML\": 0.28205794960386404, \"UMD\": 0.21433652394189223}", "turnover": 0.034348584520083214, "cost": 2.7478867616066573e-05, "delta_sharpe": -0.0012556159474288585, "delta_vol": 0.03848349759208475, "delta_weights": "{\"Mkt_RF\": -0.0191725468300748, \"SMB\": 0.005067098412304349, \"HML\": 0.02928148610777892, \"UMD\": -0.01517603769000836}"}