,current_ratio,quick_ratio,debt_to_assets,debt_to_equity,roa,asset_turnover,ocf_to_debt
current_ratio,1.0,0.9998665222151996,-0.0011576943776089612,-0.00026943262506457356,0.0004327207503122559,-0.000731362315086994,-0.0082098594783243
quick_ratio,0.9998665222151996,1.0,-0.0010478943964274386,-0.00024114378726775156,0.000387249894021021,-0.0007369321511404495,-0.00885278188207874
debt_to_assets,-0.0011576943776089612,-0.0010478943964274386,1.0,-0.00010144160792343332,-0.08828277951479646,0.0018249578651144413,-0.00023021580420090203
debt_to_equity,-0.00026943262506457356,-0.00024114378726775156,-0.00010144160792343332,1.0,8.663218291291945e-05,-2.3380969249387896e-05,-6.249224762527552e-05
roa,0.0004327207503122559,0.000387249894021021,-0.08828277951479646,8.663218291291945e-05,1.0,0.004443484947763681,0.00042899706579168143
asset_turnover,-0.000731362315086994,-0.0007369321511404495,0.0018249578651144413,-2.3380969249387896e-05,0.004443484947763681,1.0,0.00047284727648993683
ocf_to_debt,-0.0082098594783243,-0.00885278188207874,-0.00023021580420090203,-6.249224762527552e-05,0.00042899706579168143,0.00047284727648993683,1.0
