metric,value
mean,-0.00924812
std,0.566111
q05,-0.929533
median,-0.00585957
q95,0.876132
