{"train/loss": 2.3799, "train/grad_norm": 2.7007532119750977, "train/learning_rate": 1.4000000000000001e-05, "train/epoch": 3.0, "train/global_step": 141, "_timestamp": 1712000425.7367628, "_runtime": 159.78143072128296, "_step": 14, "train_runtime": 153.8254, "train_samples_per_second": 7.313, "train_steps_per_second": 0.917, "total_flos": 8.7188645908224e+16, "train_loss": 2.5817663027039655, "_wandb": {"runtime": 175}}