{"train_loss": 0.0957983994182754, "val_loss": 0.2167369012344391, "train_accuracy": 0.9852596314907873, "val_accuracy": 0.9446666666666667, "_timestamp": 1712040681.781268, "_runtime": 9335.21899986267, "_step": 4}