q,mean_excess_ret,use_value_weighted
1,0.00968666057102168,False
2,0.0101876789059602,False
3,0.012032464019634639,False
4,0.014132221206750855,False
5,0.01010386218978317,False
