q,mean_excess_ret,use_value_weighted
1,0.00645554075406654,True
2,0.01269226176917176,True
3,0.0069823245997626855,True
4,0.010003610498955633,True
5,0.0028271446707685147,True
