q,mean_excess_ret,use_value_weighted
1,0.017370548509827253,False
2,0.007740889474236384,False
3,0.00719971685952757,False
4,0.015620420926265718,False
5,0.008078661571250772,False
