q,mean_excess_ret,use_value_weighted
1,0.008369482168589007,True
2,0.008493214647974777,True
3,0.008246794131889598,True
4,0.011787239117506204,True
5,0.006426818711347278,True
