{
  "n": 120,
  "point_estimate": 1.874733751648227,
  "t_stat": 5.928428661600844,
  "p_value": 3.061246885147063e-08,
  "bootstrap_mean": 1.8942043352060465,
  "bootstrap_std": 0.33803317432243296,
  "p05": 1.3575217621559195,
  "p50": 1.8873385293198028,
  "p95": 2.462559666907136
}