model,parameter,ann_ret,ann_vol,sharpe_excess,max_dd
fixed,0.0,0.1421103267559558,0.02547934722228273,5.256078256760853,-0.0027422393654734645
fixed,5.0,0.13919611008588073,0.025643216702076047,5.12192417942707,-0.0031233215460363395
fixed,10.0,0.1362885326865899,0.0258121837964729,4.988488436820963,-0.0035044037265992145
fixed,25.0,0.12760550243798874,0.02634867530306568,4.593296824420401,-0.0046476502682878396
vol,0.5,0.11458381465081713,0.027197917453355404,4.019562175279408,-0.009776497009936214
vol,1.0,0.08765042741121443,0.029327660956801366,2.888944934171747,-0.021417761463995877
spread,5.0,0.13919611008588073,0.025643216702076047,5.12192417942707,-0.0031233215460363395
spread,10.0,0.1362885326865899,0.0258121837964729,4.988488436820963,-0.0035044037265992145
