factor,pearson_ic,pearson_pvalue,spearman_ic,spearman_pvalue,hit_rate,t_stat,t_pvalue,significant
HML,0.06667354646982045,0.46935248705540955,0.013754594559946895,0.8814715817406329,0.575,0.7258752860261505,0.4693524870554082,False
SMB,-0.005135364756994318,0.9556073703377495,-0.04969841341765696,0.5898497771088527,0.48333333333333334,-0.055785075683529056,0.9556073703377497,False
UMD,-0.18509527074729246,0.04297860312137472,-0.19815020913288345,0.03004729191873464,0.4166666666666667,-2.046003039437351,0.04297860312137493,True
