{"train_loss": 0.08397892561364681, "val_loss": 0.34770184771177615, "_timestamp": 1712030970.342241, "_runtime": 7100.193629026413, "_step": 4, "_wandb": {"runtime": 7101}}