q,mean_excess_ret,use_value_weighted
1,0.015674785066853273,False
2,0.006301543183257965,False
3,0.004741297595401367,False
4,0.014021777776168623,False
5,0.0065933068474104415,False
