q,mean_excess_ret,use_value_weighted
1,0.007859601767068685,False
2,0.008373329322368743,False
3,0.010027500507071982,False
4,0.01295515458266419,False
5,0.008401663870011135,False
