q,mean_excess_ret,use_value_weighted
1,0.004692279004183229,True
2,0.010932375003383041,True
3,0.004971570061621013,True
4,0.008338657426497904,True
5,0.0009659237851423098,True
