q,mean_excess_ret,use_value_weighted
1,0.00680083017714377,True
2,0.006382954710364362,True
3,0.00601119863457445,True
4,0.010174456156674496,True
5,0.004637916239075112,True
