{"train/loss": 2.6093, "train/grad_norm": 1.6695743799209595, "train/learning_rate": 1.4444444444444446e-05, "train/epoch": 0.83, "train/global_step": 20, "_timestamp": 1712003423.9664419, "_runtime": 1902.8920769691467, "_step": 1}