MarketAssets,Window,HiddenSize,LearningRate,Activation,Val_RMSE
ENERGY,12,4,0.001,linear,0.23064693808555603
EQUITY,12,4,0.01,relu,0.29109621047973633
FIAT,12,4,0.001,tanh,0.24811357259750366
FIAT+EQUITY,12,4,0.01,linear,0.27487432956695557
FIAT+EQUITY+GOLD+ENERGY,12,8,0.001,tanh,0.2623266577720642
FIAT+GOLD,12,8,0.001,linear,0.25183892250061035
GOLD,12,4,0.001,tanh,0.24927884340286255
