{"train/loss": 2.3858, "train/grad_norm": 4.587366104125977, "train/learning_rate": 1.4000000000000001e-05, "train/epoch": 3.0, "train/global_step": 141, "_timestamp": 1712000949.056535, "_runtime": 187.01223707199097, "_step": 15, "train_runtime": 163.2171, "train_samples_per_second": 6.893, "train_steps_per_second": 0.864, "total_flos": 8.7188645908224e+16, "train_loss": 2.5962490325278424, "eval/loss": 2.4074931144714355, "eval/accuracy": 0.6613333333333333, "eval/runtime": 17.2671, "eval/samples_per_second": 21.718, "eval/steps_per_second": 2.722, "_wandb": {"runtime": 187}}